{
  "model": "TF-IDF + LogisticRegression",
  "acc1": 0.9951385946524541,
  "acc3": 1.0,
  "acc5": 1.0,
  "macro_f1": 0.994005068615975,
  "ndcg3": 0.7482697357658928,
  "ndcg5": 0.705851113539088,
  "mean_kl": 6.288430731782898
}