{
  "model": "DistilBERT + KL Divergence",
  "acc1": 0.9850961502724319,
  "acc3": 0.9992789658735292,
  "acc5": 0.9999405332679199,
  "macro_f1": 0.9840377492180797,
  "ndcg3": 0.9213669419202232,
  "ndcg5": 0.9202829128232144,
  "mean_kl": 0.4163975417613983,
  "best_val_acc": 0.9851639888862044
}