{
  "model": "PubMedBERT + KL Divergence",
  "acc1": 0.9825019140854389,
  "acc3": 0.999212065799939,
  "acc5": 0.9999107999018799,
  "macro_f1": 0.9813579136659798,
  "ndcg3": 0.9201159654751173,
  "ndcg5": 0.9192465345430627,
  "mean_kl": 0.41110333800315857,
  "best_val_acc": 0.9826799951679149
}